row	round	batch	sent_id	sentence	worker_0	worker_1	worker_2	worker_3	worker_4	worker_5	worker_6	worker_7	disagree	agree	neutral	guid	in_held_out_test	disagreement_score
14	1	0	t17	Global warming is inevitably going to be, at best, managed .	disagrees	agrees	agrees	neutral	agrees	neutral	disagrees	neutral	0.1994170577102589	0.4776982095748759	0.3228847327148652	1_0_t17	False	0.38997500048077083
2002	5	4	t33	We can only fix climate change by destroying the economy or our personal liberties.	neutral	disagrees	disagrees	agrees	disagrees	neutral	agrees	agrees	0.571266416871407	0.4012493398884198	0.027484243240173	5_4_t33	False	0.38997500048077083
371	2	0	t23	The fifteen-year long “ global warming ” campaign all along meant “ climate change ” and that this in turn means that places supposed to get hotter get hotter and that places that are supposed to get colder — under global warming, er, climate change — get colder.	neutral	disagrees	agrees	agrees	disagrees	neutral	neutral	disagrees	0.7069309079509993	0.1753457010976886	0.1177233909513119	2_0_t23	True	0.38997500048077083
1911	5	2	t6	The prime minister had played down the links between global warming and changes in Australia's weather patterns.	neutral	neutral	disagrees	disagrees	agrees	agrees	neutral	agrees	0.1762752193397524	0.348137123857987	0.4755876568022606	5_2_t6	False	0.38997500048077083
2187	5	7	t7	The business community is increasingly not trying to lobby against decarbonization and solving the climate crisis.	neutral	agrees	disagrees	disagrees	neutral	agrees	neutral	agrees	0.0162445779018426	0.2610788963244235	0.7226765257737339	5_7_t7	False	0.38997500048077083
730	2	8	t22	Global warming has slowed because of measures taken by the government.	neutral	neutral	neutral	disagrees	agrees	disagrees	disagrees	agrees	0.4374080663657477	0.0761919380376296	0.4863999955966226	2_8_t22	False	0.38997500048077083
1528	4	5	t3	Global warming would open stretches of the Arctic Ocean to shipping and drilling.	agrees	disagrees	agrees	neutral	neutral	neutral	disagrees	disagrees	0.6013957028045027	0.0739977338427459	0.3246065633527513	4_5_t3	False	0.38997500048077083
792	2	9	t38	Carbon dioxide is a perfectly natural gas.	disagrees	neutral	neutral	disagrees	neutral	agrees	disagrees	agrees	0.6640266149648437	0.0526953400130678	0.2832780450220884	2_9_t38	False	0.38997500048077083
1870	5	2	t13	Something fishy is going on when we notice that the July 2019 temp anomaly at 0.95 Â° C above the 20th-century average is exactly (to the second decimal place) the same as the year to date (YTD) temperature anomaly.	agrees	neutral	agrees	disagrees	neutral	disagrees	neutral	disagrees	0.4797075999736792	0.0692435616583887	0.451048838367932	5_2_t13	False	0.38997500048077083
1853	5	1	t48	The global temperature was more or less constant before human CO2 emissions.	agrees	neutral	disagrees	agrees	agrees	disagrees	neutral	disagrees	0.23152144033649	0.3921433455894449	0.3763352140740649	5_1_t48	False	0.38997500048077083
1850	5	1	t45	The climate crisis is not going to be solved by personal sacrifice.	disagrees	agrees	disagrees	agrees	neutral	agrees	neutral	neutral	0.2575623759393998	0.5109425563597094	0.2314950677008908	5_1_t45	False	0.38997500048077083
2056	5	5	t32	Man-made climate change isn't solely to blame for tropical storms.	neutral	disagrees	agrees	disagrees	neutral	disagrees	neutral	agrees	0.5806154597685698	0.0092665945181254	0.4101179457133048	5_5_t32	False	0.38997500048077083
1279	4	0	t30	This gives cause for hope that once greenhouse-gas concentrations stabilize, the average temperatures in the Arctic would respond in ways that would keep the sea ice from declining further, although natural shifts in seasonal weather patterns would continue to play its role in varying sea-ice extent from one year to the next.	agrees	neutral	neutral	agrees	disagrees	disagrees	agrees	neutral	0.4268579608233926	0.3634233194502548	0.2097187197263526	4_0_t30	False	0.38997500048077083
1821	5	1	t19	Mr. Morrison would not put jobs at risk or raise taxes in the pursuit of lower carbon emissions.	disagrees	neutral	disagrees	neutral	agrees	disagrees	neutral	agrees	0.3259532132107945	0.0433900605515436	0.630656726237662	5_1_t19	True	0.38997500048077083
1818	5	1	t16	Their rights are endangered by the impacts of climate change.	disagrees	agrees	disagrees	neutral	neutral	agrees	agrees	neutral	0.2560459545324538	0.5079277408840693	0.2360263045834768	5_1_t16	False	0.38997500048077083
1817	5	1	t15	However, it is unfortunate that, in coming to this conclusion, the court summarized the scientific evidence on climate change in such apocalyptic terms.	disagrees	disagrees	agrees	neutral	neutral	neutral	disagrees	agrees	0.5875690235122347	0.1095730196853306	0.3028579568024345	5_1_t15	False	0.38997500048077083
1374	4	2	t26	Antarctica alone will make sea levels fall by between 2 and 14 cms this century because more snowfall will extract water from the sea.	disagrees	agrees	neutral	neutral	disagrees	neutral	agrees	agrees	0.2761175452496454	0.4278767342295135	0.296005720520841	4_2_t26	False	0.38997500048077083
2048	5	5	t25	The corruption of climate science has occurred because some of our most important institutions have let us down.	disagrees	disagrees	agrees	neutral	disagrees	neutral	neutral	agrees	0.5496066985781972	0.0092494650759729	0.4411438363458299	5_5_t25	False	0.38997500048077083
905	3	2	t18	Our ways of inferring future rates of sea level rise from ice sheet melting is crude .	neutral	disagrees	agrees	agrees	neutral	agrees	disagrees	neutral	0.2141159356807198	0.3715821947564169	0.4143018695628631	3_2_t18	True	0.38997500048077083
1612	4	7	t15	Lindzenâs scientific case against the man-made global warming scare is essentially this.	neutral	neutral	agrees	disagrees	neutral	disagrees	agrees	agrees	0.4140037137463658	0.1585321439973336	0.4274641422563004	4_7_t15	True	0.38997500048077083
1585	4	6	t36	This is especially true of the fossil fuel which for years has been vilified by eco-campaigners as the dirtiest of them all.	neutral	agrees	disagrees	agrees	disagrees	neutral	neutral	disagrees	0.5428433394218725	0.0301802244730871	0.4269764361050404	4_6_t36	True	0.38997500048077083
475	2	2	t36	Sea level rise in the 20th century is mostly man-made.	neutral	agrees	neutral	agrees	agrees	disagrees	neutral	disagrees	0.2637544388458808	0.277631206656093	0.4586143544980261	2_2_t36	False	0.38997500048077083
500	2	3	t18	It gives us a dangerous climate that we make safe, above all, by using energy from fossil fuels.	agrees	neutral	disagrees	neutral	neutral	agrees	disagrees	disagrees	0.6397428690229486	0.1991276589998936	0.1611294719771577	2_3_t18	False	0.38997500048077083
1380	4	2	t31	Natural climate swings are playing a greater role in the loss of ice from West Antarctica than global warming.	agrees	disagrees	neutral	neutral	agrees	disagrees	agrees	disagrees	0.5996698577265578	0.3240815117437625	0.0762486305296796	4_2_t31	False	0.38997500048077083
224	1	6	t17	The findings do not undermine global warming theory.	disagrees	neutral	neutral	disagrees	agrees	neutral	agrees	agrees	0.1329103145610592	0.3864719109391182	0.4806177744998226	1_6_t17	True	0.38997500048077083
217	1	6	t10	The global warming of the 1900s is caused by a rise in solar output.	agrees	neutral	neutral	disagrees	agrees	disagrees	neutral	disagrees	0.5230615919962444	0.065944232459839	0.4109941755439165	1_6_t10	True	0.38997500048077083
1741	4	9	t41	A combination of factors are at work, including a natural El Nino system, man-made global warming and a dash of random weather.	agrees	disagrees	agrees	neutral	neutral	agrees	neutral	disagrees	0.8954261269154798	0.011760504734425	0.092813368350095	4_9_t41	False	0.38997500048077083
1738	4	9	t39	No single storm can be laid at the foot of global warming.	agrees	disagrees	agrees	agrees	disagrees	neutral	neutral	disagrees	0.9803994312395502	0.0072050808916374	0.0123954878688123	4_9_t39	False	0.38997500048077083
1210	3	9	t0	Not one of 928 papers on “global climate change” in a database of scientific journals questioned whether the event is human-induced or natural.	agrees	agrees	disagrees	neutral	disagrees	agrees	neutral	disagrees	0.7654761951949878	0.1180876674131662	0.1164361373918459	3_9_t0	False	0.38997500048077083
1406	4	3	t1	It is premature to conclude that human activities â and particularly greenhouse gas emissions that cause global warming â have already had a detectable impact on Atlantic hurricane or global tropical cyclone activity.	neutral	disagrees	agrees	agrees	neutral	agrees	neutral	disagrees	0.391426342151588	0.0156699908859484	0.5929036669624635	4_3_t1	True	0.38997500048077083
2130	5	6	t5	Climate alarmists necessarily demonize American patriots.	disagrees	agrees	agrees	disagrees	neutral	neutral	neutral	disagrees	0.7047422050218874	0.0709242446053173	0.2243335503727952	5_6_t5	True	0.38997500048077083
2127	5	6	t47	But the optics of the protest are clear: climate alarmists insist that the Earth only has 12 years left.	agrees	disagrees	neutral	disagrees	neutral	agrees	agrees	neutral	0.0150651474866343	0.456998301612717	0.5279365509006486	5_6_t47	False	0.38997500048077083
181	1	5	t1	The basics are clear long ago and the response to global warming is more about ethics and economics than data.	disagrees	neutral	neutral	neutral	agrees	agrees	disagrees	agrees	0.0862558825468734	0.5724446292300885	0.341299488223038	1_5_t1	False	0.38997500048077083
1716	4	9	t19	The rate of ice loss expected for warming of 1.6 degrees is slow, occurring over 50,000 years.	agrees	disagrees	neutral	agrees	neutral	agrees	disagrees	neutral	0.7810694707072326	0.015714202916333	0.2032163263764344	4_9_t19	False	0.38997500048077083
1691	4	8	t41	The global conservation movement is like a surgeon in an emergency room treating an accident victim.	neutral	neutral	agrees	agrees	agrees	disagrees	disagrees	neutral	0.400001872226536	0.1887711606465871	0.4112269671268769	4_8_t41	False	0.38997500048077083
1428	4	3	t3	About one-third of the measuring stations in the team's global sample indicated cooling trends.	neutral	neutral	agrees	agrees	disagrees	disagrees	disagrees	neutral	0.3953688284813262	0.0116547784965522	0.5929763930221215	4_3_t3	False	0.38997500048077083
2175	5	7	t40	The bad news is that growing climate awareness is mainly taking place among Democrats.	agrees	agrees	disagrees	disagrees	neutral	disagrees	neutral	neutral	0.3663964540740598	0.1713545865446902	0.4622489593812499	5_7_t40	False	0.38997500048077083
2173	5	7	t39	The latest climate hysteria headlines earlier this week.	neutral	agrees	neutral	agrees	neutral	disagrees	disagrees	agrees	0.6833664183479171	0.0235650443914466	0.2930685372606363	5_7_t39	False	0.38997500048077083
2166	5	7	t32	Global temperatures are much lower around the time of the extinction than they should have been if volcanoes are expelling large amounts of carbon dioxide.	disagrees	agrees	agrees	agrees	neutral	disagrees	neutral	disagrees	0.7596029434023742	0.0142629699692412	0.2261340866283846	5_7_t32	False	0.38997500048077083
2182	5	7	t47	The media to silence all voices opposing their climate alarmism.	disagrees	agrees	neutral	agrees	neutral	disagrees	disagrees	agrees	0.9528183617408368	0.0126785247714028	0.0345031134877605	5_7_t47	False	0.38997500048077083
2181	5	7	t46	Future warming will be benign, supporting his position with convincing data.	disagrees	agrees	agrees	agrees	disagrees	disagrees	neutral	neutral	0.8838003231583753	0.0114215165363712	0.1047781603052534	5_7_t46	False	0.38997500048077083
831	3	0	t32	The global warming debate is over.	neutral	agrees	neutral	neutral	disagrees	disagrees	agrees	disagrees	0.4460074042478129	0.2942714436632417	0.2597211520889452	3_0_t32	False	0.38997500048077083
2126	5	6	t46	Greta Thunberg, the child climate activist being exploited by the media and the political left at the moment.	neutral	agrees	neutral	disagrees	disagrees	disagrees	agrees	neutral	0.0991552606061446	0.0421088751894778	0.8587358642043775	5_6_t46	False	0.38997500048077083
2121	5	6	t41	Mitch McConnell and the Republican Party are going to boldly confront climate change and create millions of jobs in the process.	disagrees	disagrees	neutral	agrees	neutral	agrees	disagrees	agrees	0.5289480433548875	0.3144887167405916	0.1565632399045208	5_6_t41	False	0.38997500048077083
1686	4	8	t37	It's delusional to propose a carbon tax right now.	disagrees	disagrees	neutral	disagrees	agrees	neutral	neutral	agrees	0.7537956742067401	0.0053516417953985	0.2408526839978612	4_8_t37	True	0.38997500048077083
1685	4	8	t36	Thatâs a lot of money for Mr. Pruitt to tour the Vatican, pose for photos, and tell his European counterparts that global warming doesnât matter.	neutral	agrees	agrees	disagrees	disagrees	agrees	neutral	neutral	0.0895995438691988	0.5047631090582693	0.4056373470725319	4_8_t36	False	0.38997500048077083
1659	4	8	t12	Climate scientists centuries in the future won&apost be able to see any hints of the Medieval Warm Period or the Little Ice Age in Pacific data.	disagrees	neutral	neutral	agrees	agrees	disagrees	neutral	disagrees	0.5990909131588248	0.0371101262363053	0.3637989606048699	4_8_t12	False	0.38997500048077083
2146	5	7	t14	My climate angst is an extension of my melancholic leanings, which struck me as plausible, but not quite right.	disagrees	agrees	disagrees	neutral	neutral	agrees	neutral	disagrees	0.3963664050942754	0.2446795224470505	0.3589540724586741	5_7_t14	False	0.38997500048077083
2157	5	7	t24	The Earth to periodically cycle in and out of ice ages.	disagrees	agrees	agrees	agrees	neutral	disagrees	neutral	neutral	0.6434129144211239	0.0156757393293934	0.3409113462494825	5_7_t24	False	0.38997500048077083
2153	5	7	t20	Efforts to decrease carbon emissions should focus on industry.	agrees	disagrees	agrees	agrees	neutral	neutral	neutral	disagrees	0.0254603837398041	0.158560602422631	0.8159790138375648	5_7_t20	False	0.38997500048077083
1638	4	7	t39	Antarctica's sea ice has expanded by about half a percent a year.	neutral	neutral	agrees	disagrees	neutral	disagrees	disagrees	agrees	0.7521255698100586	0.0065238975709534	0.2413505326189879	4_7_t39	False	0.38997500048077083
1637	4	7	t38	Fossil fuel investments are pretty good bets regardless of the political climate.	neutral	agrees	agrees	disagrees	disagrees	neutral	neutral	agrees	0.4267145485028346	0.0585189880615283	0.5147664634356371	4_7_t38	False	0.38997500048077083
651	2	6	t32	Global warning will be overridden by this effect, giving humankind and the Earth 30 years to sort out our pollution.	neutral	disagrees	neutral	disagrees	agrees	neutral	disagrees	agrees	0.3794934072974424	0.2795688040081575	0.3409377886944002	2_6_t32	False	0.38997500048077083
1006	3	4	t28	The magnitude of the dryness is well beyond what global warming would be able to do so far.	agrees	disagrees	disagrees	neutral	neutral	disagrees	agrees	neutral	0.4060440187859062	0.208544579688948	0.3854114015251458	3_4_t28	False	0.38997500048077083
959	3	3	t26	The issue of global warming's the height of arrogance for human beings to think that they can control the weather.	neutral	disagrees	disagrees	agrees	disagrees	agrees	neutral	agrees	0.2165232479357636	0.4518911068974054	0.3315856451668309	3_3_t26	False	0.38997500048077083
1098	3	6	t3	All that our world leaders need is a little more common sense, in order to avoid the nonsense of seeking a globally-binding treaty to reduce CO2 emissions.	disagrees	neutral	disagrees	agrees	agrees	neutral	disagrees	disagrees	0.8323661912353291	0.0525833803353994	0.1150504284292716	3_6_t3	False	0.22656666858975005
1100	3	6	t31	The rising level of carbon dioxide in the earth’s atmosphere is currently net beneficial for both humanity and the biosphere generally.	disagrees	agrees	disagrees	neutral	neutral	agrees	disagrees	disagrees	0.8241020193574253	0.1381687086109406	0.0377292720316339	3_6_t31	False	0.22656666858975005
799	2	9	t9	CO2 emmissions are dwarfed by the immense amount of carbon dioxide released into the atmosphere by natural (and evil, likely Republican) sources like oceans and vegetation.	neutral	disagrees	agrees	disagrees	disagrees	disagrees	neutral	agrees	0.5844405054370819	0.2191763978840984	0.1963830966788196	2_9_t9	False	0.22656666858975005
962	3	3	t29	Global warming can be tackled without changing entrenched patterns of production and consumption in industrialized societies.	neutral	agrees	agrees	disagrees	disagrees	disagrees	neutral	disagrees	0.5264812348856125	0.158911475452536	0.3146072896618512	3_3_t29	False	0.22656666858975005
1424	4	3	t26	When liberals talk about the dire threat of global warming, liberalsâre actually seizing opportunistically on the issue.	agrees	disagrees	agrees	agrees	neutral	agrees	disagrees	neutral	0.4397867204157733	0.1289078636413279	0.4313054159428989	4_3_t26	True	0.22656666858975005
2003	5	4	t34	Anthropogenic global warming is the greatest and widest-ranging market failure ever seen.	neutral	agrees	agrees	disagrees	disagrees	neutral	disagrees	disagrees	0.7784988335850258	0.1973755003775721	0.0241256660374021	5_4_t34	False	0.22656666858975005
2290	5	9	t45	Although the data series started in 1958 has always shown CO2 concentrations increasing year-on-year, driven by fossil fuel burning and deforestation, the rate of rise has not been perfectly even.	neutral	disagrees	neutral	disagrees	agrees	agrees	neutral	neutral	0.0736120644042752	0.2424694089779063	0.6839185266178186	5_9_t45	False	0.22656666858975005
2109	5	6	t30	The issue is more about globalization than saving the planet.	disagrees	neutral	disagrees	agrees	neutral	agrees	disagrees	disagrees	0.9770370474812148	0.0141995009082419	0.0087634516105432	5_6_t30	False	0.22656666858975005
1431	4	3	t32	Rising global temperatures are not necessarily a bad thing and humans have flourished during times of warming trends.	neutral	disagrees	agrees	disagrees	neutral	agrees	disagrees	disagrees	0.7376207100790935	0.009805435033651	0.2525738548872555	4_3_t32	False	0.22656666858975005
2108	5	6	t3	New Ice Age coming fast.	agrees	disagrees	neutral	disagrees	agrees	neutral	neutral	neutral	0.010788486635083	0.1151058266354577	0.8741056867294593	5_6_t3	False	0.22656666858975005
865	3	1	t22	Pollution caused by fossil fuels has been conflated with climate change.	disagrees	disagrees	disagrees	neutral	agrees	disagrees	agrees	neutral	0.8439376222029215	0.0552368968877411	0.1008254809093374	3_1_t22	False	0.22656666858975005
596	2	5	t23	This, the authors conclude, augurs ill for human populations if “ global warming ” ever seriously takes off.	disagrees	neutral	neutral	disagrees	agrees	agrees	neutral	neutral	0.6781414460184819	0.0293267138513385	0.2925318401301796	2_5_t23	False	0.22656666858975005
552	2	4	t24	It’s only a temporary Band-Aid covering a problem that will persist essentially forever, actually hundreds of thousands of years for fossil fuel CO2 to finally go away naturally.	neutral	agrees	agrees	agrees	disagrees	agrees	disagrees	neutral	0.1157960004925166	0.7366820327501462	0.1475219667573372	2_4_t24	False	0.22656666858975005
2149	5	7	t17	The climate is always changing in accordance with natural causes and recent changes.	disagrees	agrees	neutral	disagrees	neutral	disagrees	disagrees	agrees	0.9556983283056724	0.010689276955976	0.0336123947383516	5_7_t17	False	0.22656666858975005
616	2	5	t6	The threat to humanity comes more from global warming policies.	disagrees	neutral	agrees	disagrees	agrees	neutral	disagrees	disagrees	0.9660086954718192	0.0300450620177969	0.0039462425103837	2_5_t6	False	0.22656666858975005
2134	5	6	t9	Young climate activists `are being criticized all the time' in comments like those from U.S. Treasury chief Steven Mnuchin.	neutral	disagrees	neutral	disagrees	neutral	agrees	agrees	neutral	0.0097232740831033	0.0822860175229496	0.907990708393947	5_6_t9	False	0.22656666858975005
2155	5	7	t22	Ancient temperatures should have been relatively high around the time of the crisis.	disagrees	agrees	agrees	neutral	neutral	disagrees	neutral	neutral	0.6418329807929952	0.0146324420384587	0.3435345771685462	5_7_t22	False	0.22656666858975005
2160	5	7	t27	Siemens to quit the mine project because emissions from coal-fired power plants contribute to global warming.	neutral	agrees	disagrees	agrees	neutral	neutral	neutral	disagrees	0.01610368881189	0.0031952283774678	0.9807010828106422	5_7_t27	False	0.22656666858975005
581	2	5	t1	Zharkova’s very possible global temperature will drop in a manner similar to when solar activity was last at Zharkova’s projected levels, in the mid-1700s, when much of the world experienced a so-called “ mini ice age.“	neutral	agrees	neutral	disagrees	agrees	neutral	neutral	disagrees	0.517315352001873	0.0274858689034395	0.4551987790946875	2_5_t1	False	0.22656666858975005
1708	4	9	t11	The rhythm of ice ages parallels changes in the solar energy that heats the continents.	agrees	neutral	agrees	neutral	neutral	disagrees	disagrees	neutral	0.0777048448633611	0.0100214088725696	0.9122737462640692	4_9_t11	False	0.22656666858975005
1434	4	3	t35	One-in-100 year floods are starting to happen every 50 years.	neutral	neutral	agrees	disagrees	neutral	disagrees	agrees	neutral	0.0085011103019968	0.0931979029686269	0.8983009867293762	4_3_t35	False	0.22656666858975005
1656	4	8	t1	Sheâs in the pocket of the fossil fuel industry.	disagrees	neutral	agrees	neutral	agrees	neutral	neutral	disagrees	0.2578055610214508	0.0489147552285732	0.6932796837499761	4_8_t1	False	0.22656666858975005
862	3	1	t2	Climate contrarians somehow tend to neglect mentioning that solar variation is smaller than the heat-trapping power of carbon dioxide.	disagrees	disagrees	agrees	neutral	agrees	agrees	neutral	agrees	0.4435650178093977	0.3348159097255399	0.2216190724650624	3_1_t2	False	0.22656666858975005
853	3	1	t11	The science is anything but settled on global warming.	disagrees	disagrees	disagrees	disagrees	agrees	agrees	neutral	neutral	0.936457932885982	0.00581473610229	0.0577273310117279	3_1_t11	False	0.22656666858975005
2150	5	7	t18	There's no one way to talk to people about climate change.	neutral	agrees	agrees	disagrees	neutral	neutral	neutral	disagrees	0.0100922809218654	0.0059387516664946	0.98396896741164	5_7_t18	True	0.22656666858975005
1795	5	0	t45	Ending climate change would require `entire societal upheaval.'	agrees	agrees	disagrees	agrees	agrees	neutral	disagrees	neutral	0.2366476602304509	0.5156862789664698	0.2476660608030791	5_0_t45	False	0.22656666858975005
2197	5	8	t10	Electric cars are going to save the planet from climate change or something.	neutral	agrees	agrees	disagrees	neutral	disagrees	neutral	neutral	0.2984213048864325	0.0376320358727072	0.6639466592408602	5_8_t10	False	0.22656666858975005
1507	4	5	t10	The Earth probably last had this much carbon dioxide in the atmosphere at least a few million years ago, when sea levels are higher.	disagrees	disagrees	agrees	neutral	disagrees	disagrees	agrees	neutral	0.6812040855235642	0.189304750543986	0.1294911639324499	4_5_t10	False	0.22656666858975005
1766	5	0	t19	There is no point in only reducing greenhouse gas emissions at home, if we increase the import of CO2 from abroad.	agrees	neutral	agrees	disagrees	disagrees	neutral	agrees	agrees	0.046845614796678	0.7379532392999391	0.215201145903383	5_0_t19	True	0.22656666858975005
1730	4	9	t31	An increase in C02 emissions from fossil fuels will be a great benefit to plant and animal life on Earth.	agrees	disagrees	neutral	neutral	disagrees	agrees	disagrees	disagrees	0.9970258083454626	0.0011815985892933	0.001792593065244	4_9_t31	False	0.22656666858975005
1383	4	2	t34	China to continue to expand its energy infrastructure and increase emissions through 2030 while American taxpayers and businesses foot the bill of his extremist global warming agenda.	disagrees	disagrees	agrees	neutral	disagrees	disagrees	agrees	neutral	0.8108476893969244	0.0837133342335298	0.1054389763695456	4_2_t34	False	0.22656666858975005
1748	4	9	t8	The single biggest uncertainty in climate science has nothing to do with the physics of the atmosphere, or the stability of the ice, or anything like that.	disagrees	neutral	agrees	neutral	neutral	agrees	neutral	disagrees	0.2168318438027947	0.0117736832266831	0.771394472970522	4_9_t8	False	0.22656666858975005
1411	4	3	t14	To reduce carbon emissions, youâll accomplish a lot more by sorting paper and aluminum cans than by worrying about yogurt containers and half-eaten slices of pizza.	agrees	neutral	agrees	disagrees	neutral	disagrees	neutral	neutral	0.00792804241539	0.0596429698101236	0.9324289877744864	4_3_t14	False	0.22656666858975005
2095	5	6	t18	A report on the threat of climate change based on more controversial data from the United Nations Intergovernmental Panel on Climate Change would doom the the U.S. economy while allowing the biggest polluters like China and India to continue polluting.	neutral	disagrees	neutral	disagrees	neutral	agrees	neutral	agrees	0.0128826313408596	0.1926841951527458	0.7944331735063944	5_6_t18	False	0.22656666858975005
1418	4	3	t20	U.s. carbon dioxide emissions dropped dramatically during Trumpâs first year in office.	neutral	disagrees	agrees	disagrees	neutral	agrees	neutral	neutral	0.1047209981819871	0.0091471627447166	0.8861318390732963	4_3_t20	False	0.22656666858975005
182	1	5	t10	Much of the rise in sea level we’ve seen since the 1880s is the result of thermal expansion.	neutral	neutral	neutral	agrees	disagrees	agrees	neutral	disagrees	0.2443228830921138	0.2563344487232604	0.4993426681846258	1_5_t10	False	0.22656666858975005
1876	5	2	t19	Climate change policy is about raising capital, two trillion dollars in capital.	agrees	disagrees	neutral	agrees	neutral	disagrees	neutral	neutral	0.2176514399302028	0.0757355304230618	0.7066130296467352	5_2_t19	False	0.22656666858975005
1905	5	2	t45	Any climate change solution should respect and take into consideration the rights of indigenous peoples around the world,.	agrees	neutral	disagrees	disagrees	neutral	agrees	neutral	neutral	0.1358321668404569	0.0668538305857165	0.7973140025738266	5_2_t45	False	0.22656666858975005
429	2	1	t35	A new Ice Age is coming.	disagrees	agrees	agrees	neutral	neutral	agrees	disagrees	agrees	0.2681866123219665	0.4739164907670416	0.2578968969109919	2_1_t35	False	0.22656666858975005
1926	5	3	t14	Climate change presents risks that are big and that are scary, and for that reason it's being talked about like a crisis.	neutral	agrees	agrees	disagrees	disagrees	agrees	neutral	agrees	0.2649472846877172	0.679717040782079	0.0553356745302037	5_3_t14	False	0.22656666858975005
1614	4	7	t17	The truth is, we don't really have a good regional or global estimate of emissions from these fires.	neutral	neutral	agrees	disagrees	neutral	neutral	disagrees	agrees	0.4207780586574511	0.0076731757841971	0.5715487655583517	4_7_t17	True	0.22656666858975005
2188	5	7	t8	Swedish climate activist Greta Thunberg is in no position to give economic advice until she's gone to college and come out with an economics degree.	disagrees	agrees	neutral	agrees	disagrees	disagrees	disagrees	neutral	0.9920696114743656	0.0018941046896116	0.0060362838360227	5_7_t8	False	0.22656666858975005
1529	4	5	t30	Exxon Mobilâs senior leaders and board decided to go forward with their political activities even though they had been briefed extensively on the risks of global warming by the companyâs own scientists.	neutral	agrees	disagrees	neutral	agrees	disagrees	neutral	neutral	0.1125263679970482	0.2785334221974516	0.6089402098055001	4_5_t30	False	0.22656666858975005
2226	5	8	t37	While we agree on the urgency of this global challenge, we respectfully disagree with divestment activists on the means by which a university should confront it.	agrees	neutral	agrees	agrees	disagrees	disagrees	neutral	agrees	0.3498262235558692	0.5491743068517784	0.1009994695923524	5_8_t37	False	0.22656666858975005
2253	5	9	t11	Even insurers are struggling to predict the risks associated with climate change.	neutral	disagrees	neutral	neutral	neutral	agrees	agrees	disagrees	0.1104995890818173	0.2149439032348	0.6745565076833827	5_9_t11	False	0.22656666858975005
1094	3	6	t26	State-of-the-art global climate models do not capture this characteristic of hydroclimate variability, suggesting that the models underestimate the risk of future persistent droughts.	agrees	agrees	neutral	disagrees	neutral	disagrees	agrees	agrees	0.0551301433051842	0.8163150709210749	0.1285547857737407	3_6_t26	False	0.22656666858975005
1144	3	7	t30	Had Exxon continued in that role, there might not be such a cacophony of anti-climate arguments that are ongoing now because there would have been somebody at the table who came from the side of fossil fuel use and would have been shown to be a leader in terms of the science.	disagrees	disagrees	neutral	agrees	agrees	neutral	neutral	neutral	0.1603313172360654	0.0961791958994287	0.7434894868645058	3_7_t30	False	0.22656666858975005
745	2	8	t36	They grow better with more carbon dioxide, and you can see the greening of the earth already from the additional carbon dioxide in the atmosphere.	agrees	neutral	neutral	disagrees	disagrees	agrees	disagrees	disagrees	0.4967351260096598	0.2598728138005543	0.243392060189786	2_8_t36	True	0.22656666858975005
345	1	9	t5	On the most important indicator of uncertainty in climate science--the likely range of warming for a given increase in carbon dioxide emissions--progress is actually retrograde.	agrees	disagrees	neutral	disagrees	disagrees	agrees	disagrees	neutral	0.6318147525888106	0.2292718805068889	0.1389133669043004	1_9_t5	False	0.22656666858975005
677	2	7	t15	Moreover, the focus on man-made global warming is detracting attention from real environmental disasters to nature’s detriment.	disagrees	agrees	disagrees	neutral	disagrees	neutral	neutral	disagrees	0.7074813941399094	0.0225302879951519	0.2699883178649386	2_7_t15	False	-0.025062498798072874
1951	5	3	t37	Climate is an extremely complicated science that remains far less than fully understood.	agrees	disagrees	neutral	disagrees	neutral	disagrees	neutral	disagrees	0.6417319643480003	0.0065878182176392	0.3516802174343605	5_3_t37	False	-0.025062498798072874
1953	5	3	t39	There are fewer climate problems elsewhere.	agrees	disagrees	neutral	disagrees	disagrees	neutral	neutral	disagrees	0.7737653801311848	0.0060993654201973	0.2201352544486177	5_3_t39	False	-0.025062498798072874
1449	4	3	t9	Climate-change skeptics earn mainstream adherents last year, as global temperatures hung perilously close to falling beneath even the lowest model projections.	neutral	disagrees	agrees	agrees	agrees	disagrees	disagrees	agrees	0.4505852573263972	0.4607606536046464	0.0886540890689565	4_3_t9	False	-0.025062498798072874
1647	4	7	t7	Eco-towns could provide an inspiring blueprint for low-carbon living.	neutral	neutral	agrees	agrees	agrees	neutral	neutral	disagrees	0.008595610160145	0.213614139019393	0.7777902508204618	4_7_t7	False	-0.025062498798072874
1645	4	7	t5	Recent global warming is likely due to natural causes.	neutral	agrees	agrees	disagrees	neutral	neutral	neutral	agrees	0.0772945198134289	0.04641601460154	0.876289465585031	4_7_t5	False	-0.025062498798072874
1644	4	7	t44	Policies designed to curb global warming would hurt the economy.	neutral	disagrees	neutral	disagrees	disagrees	disagrees	neutral	agrees	0.8469064325711211	0.0026357045254225	0.1504578629034564	4_7_t44	False	-0.025062498798072874
292	1	8	t15	Fossil fuel extraction may be less an economic boon than a massive liability.	agrees	agrees	neutral	neutral	neutral	disagrees	agrees	agrees	0.0113897079426636	0.6510371089284773	0.3375731831288591	1_8_t15	False	-0.025062498798072874
1683	4	8	t34	Saving a tropical forest of, say, a million acres would prevent roughly 367 million tons of carbon dioxide from escaping into the atmosphere, where some of it would remain for thousands of years.	agrees	neutral	agrees	agrees	disagrees	neutral	agrees	neutral	0.0063336337579806	0.8494377810813395	0.1442285851606798	4_8_t34	False	-0.025062498798072874
1687	4	8	t38	The Democrats have won when it comes to emphasizing the importance of fighting global warming.	neutral	agrees	disagrees	agrees	agrees	neutral	neutral	agrees	0.0929208301045603	0.2233086742471292	0.6837704956483106	4_8_t38	False	-0.025062498798072874
854	3	1	t12	The sea ice is building up much slower than normal as winter approaches.	agrees	agrees	neutral	neutral	disagrees	agrees	neutral	neutral	0.0116786839730766	0.2447760230621742	0.7435452929647491	3_1_t12	False	-0.025062498798072874
2159	5	7	t26	Exxon Mobil had engaged in fraud through its statements about how it accounted for the costs of climate change regulation.	agrees	agrees	neutral	agrees	neutral	neutral	neutral	disagrees	0.0181444793138323	0.1155151324914092	0.8663403881947584	5_7_t26	False	-0.025062498798072874
1046	3	5	t23	Australia would have been better off keeping the ill-fated carbon pricing scheme introduced by the Gillard government in 2010.	disagrees	neutral	neutral	agrees	neutral	agrees	neutral	agrees	0.0319639362775175	0.46609172380154	0.5019443399209423	3_5_t23	False	-0.025062498798072874
1146	3	7	t32	Global warming is the tide coming in, and El Niño is the waves.	neutral	disagrees	agrees	agrees	neutral	neutral	agrees	agrees	0.0777950204260208	0.8634705122902993	0.0587344672836799	3_7_t32	False	-0.025062498798072874
1152	3	7	t38	Humanity will not alter its energy course as consequences of burning all fossil fuels become clearer.	disagrees	disagrees	disagrees	neutral	agrees	neutral	neutral	neutral	0.5116887517921245	0.0247095818821048	0.4636016663257708	3_7_t38	False	-0.025062498798072874
2142	5	7	t10	This is one of the key goals of climate alarmist policy.	disagrees	agrees	agrees	disagrees	neutral	disagrees	disagrees	agrees	0.957441570734872	0.0199693299131548	0.0225890993519731	5_7_t10	False	-0.025062498798072874
2144	5	7	t12	Greta Thunberg should study economics.	neutral	agrees	agrees	agrees	neutral	disagrees	neutral	neutral	0.1784372803907553	0.0138164647574433	0.8077462548518014	5_7_t12	False	-0.025062498798072874
2151	5	7	t19	There are many links between climate change and mental health, including the loss of property and the loss of livelihoods but stopped short of quantifying the impact.	agrees	agrees	disagrees	agrees	neutral	agrees	neutral	neutral	0.0158362178756539	0.6170345963428345	0.3671291857815116	5_7_t19	False	-0.025062498798072874
852	3	1	t10	Steadily warming seas pose a similar threat to reefs in other areas.	agrees	agrees	agrees	neutral	agrees	disagrees	neutral	neutral	0.0078624869657143	0.6889362309252234	0.3032012821090623	3_1_t10	False	-0.025062498798072874
825	3	0	t27	The moment we put real limits and real charges on carbon dioxide emissions, we will see a surge of innovation that will discover even better ways for reducing those emissions.	agrees	neutral	neutral	neutral	agrees	neutral	disagrees	agrees	0.0702761101418383	0.5075877340681713	0.4221361557899904	3_0_t27	False	-0.025062498798072874
618	2	5	t8	Warm sea-surface conditions in the tropical North Atlantic are a driving force in the unusually active 2017 Atlantic hurricane season, which included Harvey, Irma, Maria, and three other major hurricanes in the North Atlantic.	agrees	disagrees	agrees	neutral	agrees	neutral	neutral	neutral	0.0139315859438661	0.3796061926759217	0.6064622213802121	2_5_t8	False	-0.025062498798072874
2124	5	6	t44	The Paris climate agreement harms the U.S. economy and would hurt American jobs if left to stand.	disagrees	disagrees	disagrees	neutral	disagrees	agrees	neutral	neutral	0.6203271420004167	0.0227613984183482	0.356911459581235	5_6_t44	False	-0.025062498798072874
2123	5	6	t43	Catastrophic climate change is inevitable.	disagrees	disagrees	agrees	disagrees	neutral	agrees	agrees	agrees	0.1900511263760146	0.7944948167638252	0.0154540568601602	5_6_t43	False	-0.025062498798072874
1044	3	5	t21	A study recently that concludes children are detrimental to the environment because they contribute to global warming.	agrees	neutral	agrees	neutral	neutral	neutral	agrees	disagrees	0.0950793129736336	0.3743831418288045	0.5305375451975617	3_5_t21	False	-0.025062498798072874
2117	5	6	t38	Bold action on protecting the climate could generate over $26 trillion in benefits through 2030.	neutral	neutral	neutral	disagrees	agrees	neutral	agrees	agrees	0.0099862723453733	0.3651517578331411	0.6248619698214856	5_6_t38	False	-0.025062498798072874
605	2	5	t31	The extent of sea ice for September 2013 is far lower than the 1981-2010 average, by two standard deviations.	agrees	agrees	agrees	neutral	disagrees	neutral	neutral	neutral	0.0499706426180638	0.2904876096298234	0.6595417477521127	2_5_t31	False	-0.025062498798072874
643	2	6	t25	The real goal in global warming is to redistribute the world’s wealth.	neutral	disagrees	neutral	neutral	disagrees	neutral	agrees	disagrees	0.5725377828481985	0.0087196652978494	0.4187425518539521	2_6_t25	False	-0.025062498798072874
1297	4	0	t7	Such tweaks will not be nearly enough to curb global warming.	agrees	disagrees	neutral	agrees	neutral	neutral	agrees	agrees	0.0120770658411063	0.5065902957042946	0.4813326384545991	4_0_t7	False	-0.025062498798072874
976	3	3	t6	Arctic sea ice has increased since then.	disagrees	disagrees	neutral	neutral	disagrees	neutral	neutral	agrees	0.2866685677863935	0.0445084520809994	0.6688229801326071	3_3_t6	False	-0.025062498798072874
1950	5	3	t36	Climate denial will persist come hell or high water.	agrees	neutral	neutral	agrees	agrees	disagrees	neutral	neutral	0.0251715415486146	0.2783475329758739	0.6964809254755113	5_3_t36	False	-0.025062498798072874
309	1	8	t4	The evidence is emerging that quite small changes in sea surface temperatures have huge effects on hurricanes and these events.	neutral	neutral	agrees	neutral	neutral	disagrees	agrees	agrees	0.0122377560738687	0.4496108935869641	0.5381513503391673	1_8_t4	False	-0.025062498798072874
1317	4	1	t2	Plants and animals in mountain regions, on the other hand, appear to face a lower risk of being overtaken by global warming, because mountains exhibit large temperature swings with altitude.	disagrees	neutral	disagrees	disagrees	neutral	agrees	neutral	neutral	0.4582771842353219	0.0579267779425635	0.4837960378221146	4_1_t2	False	-0.025062498798072874
1315	4	1	t18	It simply takes longer than a century for large-scale melting to begin.	agrees	neutral	neutral	disagrees	disagrees	disagrees	disagrees	neutral	0.7754923701132928	0.0067442968967636	0.2177633329899435	4_1_t18	False	-0.025062498798072874
971	3	3	t37	An appropriate response to the bleaching would have been to invest heavily and speed up the transition from fossil fuels to renewable energy, and that didn't happen.	neutral	agrees	disagrees	neutral	agrees	agrees	neutral	neutral	0.0345771049682706	0.2583184853720741	0.7071044096596553	3_3_t37	False	-0.025062498798072874
1968	5	3	t8	But if we ground every plane, leveled every building in America, and lived in huts, the United States' amount of carbon emissions only accounts for 15 percent of the entire world.	disagrees	disagrees	neutral	agrees	neutral	disagrees	neutral	neutral	0.2281428975290217	0.0768090031022754	0.6950480993687027	5_3_t8	True	-0.025062498798072874
767	2	9	t15	Global warming over the next several decades will take place irrespective of any action taken today.	neutral	disagrees	agrees	agrees	neutral	neutral	agrees	neutral	0.0257364656590916	0.7110875111185602	0.2631760232223481	2_9_t15	False	-0.025062498798072874
1513	4	5	t16	The findings will infuriate environmental campaigners who argue by 2030 we could be facing increased sea levels and flooding due to glacial melt at the poles.	disagrees	disagrees	disagrees	neutral	disagrees	agrees	neutral	neutral	0.6373946197030057	0.0218683338258774	0.3407370464711169	4_5_t16	False	-0.025062498798072874
1660	4	8	t13	Global warming impacts are far from monolithic.	disagrees	disagrees	agrees	agrees	agrees	disagrees	disagrees	neutral	0.9403487831355593	0.0568980741270177	0.0027531427374232	4_8_t13	False	-0.025062498798072874
1688	4	8	t39	Buildings should âreduce gender-discriminating bias in thermal comfortâ because setting temperatures at slightly warmer levels can help combat global warming.	agrees	agrees	agrees	neutral	neutral	agrees	neutral	disagrees	0.0077263978589267	0.8778828842792502	0.114390717861823	4_8_t39	True	-0.025062498798072874
1679	4	8	t30	The main responsibility to cut emissions lies with developed nations, which had a headstart in sparking global warming.	neutral	neutral	agrees	agrees	disagrees	agrees	agrees	neutral	0.0076881488768007	0.6776540118604778	0.3146578392627214	4_8_t30	True	-0.025062498798072874
1540	4	5	t40	Mr. Obama spends a lot of time thinking about his daughters, and he does not want to be the guy who is in a position of doing something about a major global threat and did not do enough.	disagrees	neutral	agrees	agrees	neutral	neutral	agrees	neutral	0.0180164686048039	0.4245795885670564	0.5574039428281398	4_5_t40	False	-0.025062498798072874
782	2	9	t29	Global warming--like the Ice Age, or overpopulation, or a nuclear winter--is just too specific.	neutral	neutral	disagrees	disagrees	neutral	agrees	neutral	disagrees	0.4888261810385068	0.0092406772676831	0.5019331416938099	2_9_t29	False	-0.025062498798072874
2261	5	9	t19	Some glaciers melt while others grow and it has been this way for all of history.	neutral	agrees	neutral	disagrees	disagrees	neutral	disagrees	neutral	0.3614483186262229	0.0092385603669122	0.6293131210068649	5_9_t19	False	-0.025062498798072874
2203	5	8	t16	Lewis recruited over 200 members of APS to oppose the new APS policy that fully supports the global warming fraud.	disagrees	agrees	neutral	neutral	disagrees	disagrees	disagrees	neutral	0.7734482066603765	0.0057028770875682	0.2208489162520551	5_8_t16	False	-0.025062498798072874
2201	5	8	t14	The climate alarmist message will still resonate through the 2020 Democratic race.	disagrees	agrees	disagrees	neutral	neutral	disagrees	neutral	disagrees	0.5863383771707068	0.0063278669719377	0.4073337558573557	5_8_t14	False	-0.025062498798072874
774	2	9	t21	The presence of additional carbon dioxide has actually led to better plant growth and crop yields throughout much of the world, including in Africa.	disagrees	disagrees	neutral	neutral	disagrees	agrees	disagrees	neutral	0.6706562559455339	0.0085706558204649	0.320773088234001	2_9_t21	False	-0.025062498798072874
772	2	9	t2	There’s no question that humans have altered the background atmosphere on a global scale.	neutral	neutral	neutral	agrees	agrees	disagrees	agrees	agrees	0.0047477114366272	0.8072481427764976	0.1880041457868752	2_9_t2	False	-0.025062498798072874
776	2	9	t23	All extreme weather events are somehow related to “ global warming, ” which has been re-termed “ climate change ” since global temperatures are no longer warming.	neutral	neutral	disagrees	agrees	disagrees	disagrees	disagrees	neutral	0.6575903638795593	0.1445385844626697	0.1978710516577709	2_9_t23	False	-0.025062498798072874
796	2	9	t6	Atmospheric concentrations of carbon dioxide beyond 350 parts-per-million (ppm) could set off compounding feedback loops and so lock us into runaway climate change.	agrees	neutral	neutral	agrees	agrees	disagrees	agrees	neutral	0.0041064731369775	0.8520768813384694	0.1438166455245531	2_9_t6	True	-0.025062498798072874
786	2	9	t32	The Arctic is warming faster than anywhere else on the planet.	agrees	disagrees	neutral	neutral	agrees	agrees	agrees	neutral	0.0283889525351007	0.6058341563390061	0.3657768911258931	2_9_t32	False	-0.025062498798072874
1526	4	5	t28	Dealing with global warming is more akin to buying an insurance policy.	disagrees	neutral	neutral	disagrees	neutral	agrees	neutral	disagrees	0.2697987590597882	0.022011608105848	0.7081896328343639	4_5_t28	False	-0.025062498798072874
209	1	5	t9	We must wean ourselves off fossil fuels.	neutral	neutral	neutral	agrees	neutral	agrees	agrees	disagrees	0.0101519744709783	0.2713157992577396	0.718532226271282	1_5_t9	False	-0.025062498798072874
174	1	4	t9	The rate of Antarctic melt is already six times faster than it is just a few decades ago.	agrees	agrees	neutral	disagrees	agrees	neutral	neutral	agrees	0.0059359359203682	0.4825858082393082	0.5114782558403235	1_4_t9	False	-0.025062498798072874
172	1	4	t7	The carbon regulations are unconstitutional.	disagrees	disagrees	neutral	agrees	disagrees	neutral	disagrees	neutral	0.5670512065660784	0.0057767546553614	0.4271720387785601	1_4_t7	False	-0.025062498798072874
1702	4	9	s2	Over the past several years, the United States has seen an increase in business growth that has counteracted the lingering effects of the recession.	disagrees	neutral	agrees	agrees	neutral	agrees	neutral	neutral				4_9_s2	False	-0.025062498798072874
550	2	4	t22	"The United States would have lost $3 trillion dollars in the deal, even while we experience a ""global greening"" of reforestation."	neutral	neutral	agrees	neutral	disagrees	disagrees	disagrees	neutral	0.3564050710399315	0.0379208245884135	0.6056741043716548	2_4_t22	False	-0.025062498798072874
563	2	4	t34	The sun’s changes will give Earth “ 30 years ” to come up with a solution to global warming.	agrees	neutral	neutral	neutral	agrees	agrees	disagrees	neutral	0.006501216632746	0.4986375428846223	0.4948612404826318	2_4_t34	False	-0.025062498798072874
611	2	5	t37	This will help us begin to more concretely talk about what’s already happening at the state and local level to reduce carbon emissions in the electricity sector.	neutral	disagrees	agrees	agrees	agrees	neutral	neutral	agrees	0.0124490501497078	0.7550166151643299	0.2325343346859622	2_5_t37	False	-0.025062498798072874
1731	4	9	t32	The research is the first to quantify how air pollution in the United States is affected by Chinaâs production of goods for export and by global consumer demand for those goods.	agrees	neutral	agrees	agrees	neutral	disagrees	neutral	neutral	0.0054081394075928	0.0097599227241098	0.9848319378682971	4_9_t32	False	-0.025062498798072874
2110	5	6	t31	Thunberg priority is drawing attention and action to concerns about global warming.	neutral	agrees	neutral	disagrees	neutral	agrees	agrees	neutral	0.006838380937281	0.0902351963204224	0.9029264227422966	5_6_t31	False	-0.025062498798072874
2111	5	6	t32	As climate change continues to affect our economy, it is critical to understand your bank 's adaptation and mitigation strategies.	neutral	agrees	neutral	disagrees	agrees	agrees	neutral	neutral	0.0046677135391027	0.0313781259776368	0.9639541604832604	5_6_t32	False	-0.025062498798072874
1718	4	9	t20	The deaths caused by colonization led to a drop of about 3.5 parts per million of carbon dioxide in the atmosphere.	agrees	neutral	agrees	neutral	neutral	disagrees	agrees	neutral	0.0097749218451057	0.0594083594167914	0.9308167187381028	4_9_t20	False	-0.025062498798072874
574	2	4	t9	The stark truth is that severe weather events alone will not cause global warming to pop to the top of the national agenda.	neutral	agrees	neutral	neutral	neutral	disagrees	disagrees	disagrees	0.3087909549184363	0.10789422165385	0.5833148234277136	2_4_t9	True	-0.025062498798072874
832	3	0	t33	Climate denial conspiracy theories include that the United Nations is trying to impose global government through climate change policy.	neutral	agrees	agrees	neutral	neutral	disagrees	agrees	neutral	0.0412376444024613	0.4446029690769048	0.5141593865206338	3_0_t33	False	-0.025062498798072874
858	3	1	t16	Once warming reaches a certain point, the amount of assistance that we’re getting in terms of carbon storage from the land and oceans tends to go down.	neutral	agrees	neutral	neutral	agrees	disagrees	agrees	agrees	0.008213804987831	0.4745447773178059	0.517241417694363	3_1_t16	False	-0.025062498798072874
1633	4	7	t34	Researchers need to get a better handle on all of the complex factors that drive fire globally because fire has the potential to be a positive feedback.	neutral	agrees	agrees	disagrees	neutral	neutral	neutral	agrees	0.077286810421558	0.0452265453653846	0.8774866442130572	4_7_t34	False	-0.025062498798072874
875	3	1	t31	Cosmic rays and the sun play an integral role in global warming.	neutral	disagrees	neutral	neutral	disagrees	disagrees	agrees	neutral	0.200810267208365	0.0467173025085665	0.7524724302830683	3_1_t31	True	-0.025062498798072874
2183	5	7	t48	USCRN temperature stations show no warming since 2005 when the network went online.	disagrees	agrees	neutral	neutral	disagrees	disagrees	disagrees	neutral	0.9914985795085978	0.0017367886726347	0.0067646318187674	5_7_t48	False	-0.025062498798072874
2168	5	7	t34	Those of us not members of the climate hysteria cult want everyone to feel bad about it.	disagrees	disagrees	neutral	agrees	neutral	disagrees	disagrees	neutral	0.9412058980084922	0.0031972970410807	0.0555968049504269	5_7_t34	False	-0.025062498798072874
2196	5	8	t1	Living like climate change is real and that we can do something about it are signals to others.	neutral	disagrees	agrees	neutral	agrees	agrees	agrees	neutral	0.0057129044280908	0.695518133031218	0.2987689625406912	5_8_t1	False	-0.025062498798072874
1441	4	3	t41	The fossil fuel industryâs tactics come straight out of the tobacco playbook.	neutral	neutral	agrees	disagrees	neutral	agrees	neutral	agrees	0.0064628188764616	0.118385725329099	0.8751514557944392	4_3_t41	False	-0.025062498798072874
2165	5	7	t31	I hadn't really thought about the connections between migration, immigration and climate because the common narratives hadn't made climate appear relevant to black and brown people at all.	disagrees	agrees	disagrees	neutral	neutral	neutral	neutral	disagrees	0.2467474440421181	0.0056953934066705	0.7475571625512114	5_7_t31	True	-0.025062498798072874
1682	4	8	t33	There should be carbon pricing for major emitters.	agrees	neutral	agrees	agrees	neutral	neutral	neutral	disagrees	0.0098633500120665	0.5755270648062026	0.4146095851817309	4_8_t33	False	-0.025062498798072874
1689	4	8	t4	We are seeing a long-term global warming trend.	agrees	neutral	agrees	neutral	neutral	agrees	neutral	disagrees	0.010253852087474	0.6105731678956856	0.3791729800168404	4_8_t4	False	-0.025062498798072874
1669	4	8	t21	The technique would bring down soaring global temperatures, which would help avoid heat-stressing crops.	neutral	neutral	agrees	agrees	disagrees	neutral	neutral	agrees	0.0059507222569931	0.1253098169428198	0.868739460800187	4_8_t21	False	-0.025062498798072874
1728	4	9	t3	As global warming is melting the ice cover and exposing the Arctic to oil exploitation and shipping through sea routes such as the Northwest Passage, the risk of oil spills on gravel beaches in high-latitude regions will be increased.	disagrees	agrees	agrees	neutral	agrees	neutral	agrees	neutral	0.0113026214323988	0.9070073359317572	0.0816900426358439	4_9_t3	False	-0.025062498798072874
1723	4	9	t25	Familiar as scientists are with the physics and chemistry of energy production and consumption, researchers remain astonished by the speed and scale at which we are extracting carbon from the earth in the form of the long-buried, slow-cooked plant and plankton matter.	disagrees	neutral	agrees	neutral	neutral	agrees	agrees	neutral	0.0108776670640955	0.059533413048911	0.9295889198869935	4_9_t25	False	-0.025062498798072874
1720	4	9	t22	The secret of being green is to have zero economic growth: no manufacturing no pesky carbon emissions.	agrees	disagrees	agrees	agrees	agrees	neutral	disagrees	disagrees	0.9618064571063548	0.036150207847873	0.0020433350457721	4_9_t22	False	-0.025062498798072874
538	2	4	t11	It’s a credible scientific case for the man-made global warming scare theory.	agrees	agrees	neutral	neutral	disagrees	agrees	agrees	neutral	0.1096652762146508	0.6018486575926102	0.2884860661927389	2_4_t11	False	-0.025062498798072874
196	1	5	t23	As even the IPCC had to admit, sea level rise between 1920 and 1950 is similar to the recent period.	disagrees	neutral	neutral	neutral	disagrees	neutral	disagrees	agrees	0.4067471841959895	0.0126280402919318	0.5806247755120788	1_5_t23	False	-0.025062498798072874
1265	4	0	t18	For too long, a lot of the climate change and global warming arguments have been looking at melting ice and polar bears and not at the human suffering side of it.	neutral	agrees	disagrees	neutral	agrees	agrees	neutral	neutral	0.1288725728987216	0.267450328828416	0.6036770982728623	4_0_t18	False	-0.025062498798072874
1057	3	5	t33	Then there’s the evidence that higher concentrations of carbon dioxide (which is a plant food after all) are actually greening the planet and helping to lift agricultural yields.	agrees	neutral	neutral	disagrees	disagrees	neutral	disagrees	disagrees	0.8545786798521278	0.0223430639390033	0.1230782562088688	3_5_t33	False	-0.025062498798072874
1416	4	3	t19	The surface temperatures of the Mediterranean Sea cooled rapidly during this time, severely reducing precipitation over the coasts.	neutral	neutral	disagrees	agrees	agrees	agrees	agrees	neutral	0.0101142193339609	0.3724068427856504	0.6174789378803888	4_3_t19	False	-0.025062498798072874
902	3	2	t15	The world is finally on a path toward controlling global warming.	neutral	disagrees	disagrees	disagrees	agrees	neutral	disagrees	neutral	0.6924924178342441	0.0576113951457907	0.2498961870199653	3_2_t15	True	-0.025062498798072874
868	3	1	t25	Climate sensitivity is high enough to demand action, but not so high that it is too late to avoid dangerous global climate change.	neutral	neutral	agrees	agrees	agrees	disagrees	agrees	neutral	0.0082762564553578	0.6165274204024486	0.3751963231421936	3_1_t25	False	-0.025062498798072874
898	3	2	t11	Brown’s carbon-neutral pledge could hurt the state’s economy.	neutral	disagrees	neutral	disagrees	neutral	agrees	disagrees	neutral	0.4645787185606878	0.0269702939291877	0.5084509875101243	3_2_t11	True	-0.025062498798072874
1759	5	0	t12	Sea levels are rising `at a faster rate' than experts had expected, and that is having a greater impact on the lagoon city.	neutral	neutral	neutral	disagrees	agrees	agrees	agrees	neutral	0.0063733471605847	0.2176772400033503	0.7759494128360649	5_0_t12	False	-0.025062498798072874
225	1	6	t18	The climate-mitigation potential of carbon farming has been greatly oversold.	agrees	disagrees	disagrees	disagrees	neutral	neutral	disagrees	neutral	0.6005823559810002	0.0135057167661332	0.3859119272528664	1_6_t18	False	-0.025062498798072874
529	2	3	t9	Earth&apos;s sea level was on a downward trend until the industrial age.	neutral	agrees	disagrees	neutral	neutral	agrees	neutral	agrees	0.0259476859762464	0.4551547998258821	0.5188975141978714	2_3_t9	False	-0.025062498798072874
1226	3	9	t23	The more educated a population is about climate change, the more sceptical it is likely to be about claims that global warming will have catastrophic effects.	neutral	neutral	disagrees	disagrees	disagrees	agrees	neutral	disagrees	0.9472842161710464	0.0129236736888399	0.0397921101401134	3_9_t23	False	-0.025062498798072874
1238	3	9	t34	The study’s conclusion is renewing hope that we may yet be able to avoid global warming exceeding [ 3.6 ° F].	disagrees	agrees	neutral	agrees	agrees	neutral	neutral	neutral	0.0714060478738663	0.3135634215788098	0.6150305305473238	3_9_t34	False	-0.025062498798072874
471	2	2	t32	The beans contains some powerful refutations of a number of other global warming denier talking points, as well as some ingenious sequences that explain the planetary-scale significance of climate change.	neutral	disagrees	agrees	agrees	neutral	agrees	neutral	agrees	0.0493295911265021	0.6477471758486624	0.3029232330248356	2_2_t32	False	-0.025062498798072874
506	2	3	t23	The “ modern maximum ” – a peak in solar activity that lasted much of the last century – corresponds very well with an increase in global temperatures.	neutral	agrees	disagrees	agrees	neutral	neutral	agrees	agrees	0.0227577905493623	0.7453835892487756	0.2318586202018621	2_3_t23	False	-0.025062498798072874
1779	5	0	t30	It's related to rather than `caused by' climate change.	neutral	neutral	disagrees	agrees	disagrees	neutral	disagrees	neutral	0.2781945694114465	0.008631356392319	0.7131740741962344	5_0_t30	False	-0.025062498798072874
1777	5	0	t29	Climate change could actually make frigid waves of Arctic air more common, a result of shrinking sea ice.	neutral	neutral	agrees	disagrees	agrees	agrees	agrees	neutral	0.0075031768579673	0.4662860879595029	0.5262107351825296	5_0_t29	False	-0.025062498798072874
1562	4	6	t15	People are so addicted to their carbon fuelled lifestyles.	agrees	neutral	neutral	disagrees	agrees	neutral	agrees	neutral	0.0063368243032064	0.3870263755443235	0.6066368001524699	4_6_t15	False	-0.025062498798072874
